{
  " APNA Television": "id-36",
  " Al Jazeera": "id-26",
  " BBC News": "id-46",
  " Below Deck Vault": "id-5",
  " Bravo": "id-16",
  " Bravo PLUS 1": "id-20",
  " CH200": "id-39",
  " CNN Headlines": "id-3",
  " Channel News Asia (CNA)": "id-45",
  " Chinese TV28": "id-33",
  " Chinese TV29": "id-34",
  " DUKE": "id-18",
  " Firstlight": "id-31",
  " HGTV": "id-2",
  " Hope Channel": "id-32",
  " JuiceTV": "id-41",
  " JuiceX": "id-42",
  " MovieSphere": "id-4",
  " Panda TV": "id-37",
  " Parliament TV": "id-35",
  " RUSH": "id-22",
  " Redbull TV": "id-44",
  " Shine TV": "id-30",
  " Sky Open": "id-24",
  " Sky Open+1": "id-27",
  " TVNZ 1": "id-13",
  " TVNZ 2": "id-14",
  " TVSN Shopping": "id-43",
  " Te Reo": "id-23",
  " The Graham Norton Show": "id-6",
  " Three": "id-15",
  " ThreeNow Sport 1": "id-0",
  " ThreeNow Sport 2": "id-1",
  " ThreePlus1": "id-21",
  " Trackside 1": "id-28",
  " Trackside 2": "id-29",
  " Trackside Premier": "id-40",
  " Wairarapa TV": "id-38",
  " Warner Bros TV Deadliest Catch": "id-11",
  " Warner Bros TV House Hunters": "id-12",
  " Warner Bros TV Motorheads": "id-9",
  " Warner Bros TV Paranormal": "id-8",
  " Warner Bros TV True Crime": "id-7",
  " West Family Sagas": "id-10",
  " Whakaata Māori": "id-17",
  " eden": "id-19",
  " eden+1": "id-25"
}