{
  "006eb2cc9ada58bb77a3e5b744dae6e2": {
    "channelNumber": "25",
    "name": " Shine TV",
    "playlistID": "M5NKC3WGTR5FV86NPW2W",
    "url": "https://i.mjh.nz/.r/shine-tv.m3u8",
    "backup_channel_1": null,
    "backup_channel_2": null,
    "backup_channel_3": null,
    "urlID": "006eb2cc9ada58bb77a3e5b744dae6e2"
  },
  "15e95d5adac676800cb9fb7989371469": {
    "channelNumber": "10",
    "name": " Te Reo",
    "playlistID": "M5NKC3WGTR5FV86NPW2W",
    "url": "https://i.mjh.nz/.r/te-reo.m3u8",
    "backup_channel_1": null,
    "backup_channel_2": null,
    "backup_channel_3": null,
    "urlID": "15e95d5adac676800cb9fb7989371469"
  },
  "1aa673414a4be1c2b4164e74a2fc6b3c": {
    "channelNumber": "1004",
    "name": " Below Deck Vault",
    "playlistID": "M5NKC3WGTR5FV86NPW2W",
    "url": "https://i.mjh.nz/.r/discovery-fast3.m3u8",
    "backup_channel_1": null,
    "backup_channel_2": null,
    "backup_channel_3": null,
    "urlID": "1aa673414a4be1c2b4164e74a2fc6b3c"
  },
  "26400e2bd5b44ad3f50161756886d7f1": {
    "channelNumber": "1011",
    "name": " Warner Bros TV House Hunters",
    "playlistID": "M5NKC3WGTR5FV86NPW2W",
    "url": "https://i.mjh.nz/.r/discovery-fast6.m3u8",
    "backup_channel_1": null,
    "backup_channel_2": null,
    "backup_channel_3": null,
    "urlID": "26400e2bd5b44ad3f50161756886d7f1"
  },
  "2d08efd0f8d9a9864a1d3e547a6f02b2": {
    "channelNumber": "23",
    "name": " Trackside 1",
    "playlistID": "M5NKC3WGTR5FV86NPW2W",
    "url": "https://i.mjh.nz/.r/trackside-1.m3u8",
    "backup_channel_1": null,
    "backup_channel_2": null,
    "backup_channel_3": null,
    "urlID": "2d08efd0f8d9a9864a1d3e547a6f02b2"
  },
  "2dc49a876b7d50f64491376319ceda62": {
    "channelNumber": "1002",
    "name": " CNN Headlines",
    "playlistID": "M5NKC3WGTR5FV86NPW2W",
    "url": "https://i.mjh.nz/.r/discovery-ptcn.m3u8",
    "backup_channel_1": null,
    "backup_channel_2": null,
    "backup_channel_3": null,
    "urlID": "2dc49a876b7d50f64491376319ceda62"
  },
  "2f794b7e0e6c75e7c5edf04f00385c27": {
    "channelNumber": "1001",
    "name": " ThreeNow Sport 2",
    "playlistID": "M5NKC3WGTR5FV86NPW2W",
    "url": "https://i.mjh.nz/.r/discovery-popup2.m3u8",
    "backup_channel_1": null,
    "backup_channel_2": null,
    "backup_channel_3": null,
    "urlID": "2f794b7e0e6c75e7c5edf04f00385c27"
  },
  "391bc5f9a83170e6fcca5974f37275d4": {
    "channelNumber": "1010",
    "name": " Warner Bros TV Deadliest Catch",
    "playlistID": "M5NKC3WGTR5FV86NPW2W",
    "url": "https://i.mjh.nz/.r/discovery-fast2.m3u8",
    "backup_channel_1": null,
    "backup_channel_2": null,
    "backup_channel_3": null,
    "urlID": "391bc5f9a83170e6fcca5974f37275d4"
  },
  "416b09afd0ad735a8424b6c954316b97": {
    "channelNumber": "41",
    "name": " Wairarapa TV",
    "playlistID": "M5NKC3WGTR5FV86NPW2W",
    "url": "https://i.mjh.nz/.r/wairarapa-tv.m3u8",
    "backup_channel_1": null,
    "backup_channel_2": null,
    "backup_channel_3": null,
    "urlID": "416b09afd0ad735a8424b6c954316b97"
  },
  "4a1cdd88266472f470f55e4f9f92d88c": {
    "channelNumber": "31",
    "name": " Parliament TV",
    "playlistID": "M5NKC3WGTR5FV86NPW2W",
    "url": "https://i.mjh.nz/.r/parliament-tv.m3u8",
    "backup_channel_1": null,
    "backup_channel_2": null,
    "backup_channel_3": null,
    "urlID": "4a1cdd88266472f470f55e4f9f92d88c"
  },
  "4ba173720180f51cddcb477af1e5686a": {
    "channelNumber": "3",
    "name": " Three",
    "playlistID": "M5NKC3WGTR5FV86NPW2W",
    "url": "https://i.mjh.nz/.r/three.m3u8",
    "backup_channel_1": null,
    "backup_channel_2": null,
    "backup_channel_3": null,
    "urlID": "4ba173720180f51cddcb477af1e5686a"
  },
  "4db8f9577d2b09390e456656999e1317": {
    "channelNumber": "1006",
    "name": " Warner Bros TV True Crime",
    "playlistID": "M5NKC3WGTR5FV86NPW2W",
    "url": "https://i.mjh.nz/.r/discovery-fast4.m3u8",
    "backup_channel_1": null,
    "backup_channel_2": null,
    "backup_channel_3": null,
    "urlID": "4db8f9577d2b09390e456656999e1317"
  },
  "4dc3f5b0f520eeaefd76ed9f55a6a590": {
    "channelNumber": "1009",
    "name": " West Family Sagas",
    "playlistID": "M5NKC3WGTR5FV86NPW2W",
    "url": "https://i.mjh.nz/.r/discovery-fast7.m3u8",
    "backup_channel_1": null,
    "backup_channel_2": null,
    "backup_channel_3": null,
    "urlID": "4dc3f5b0f520eeaefd76ed9f55a6a590"
  },
  "5065fbb2777f97b41153edc0e96850a3": {
    "channelNumber": "8",
    "name": " eden",
    "playlistID": "M5NKC3WGTR5FV86NPW2W",
    "url": "https://i.mjh.nz/.r/eden.m3u8",
    "backup_channel_1": null,
    "backup_channel_2": null,
    "backup_channel_3": null,
    "urlID": "5065fbb2777f97b41153edc0e96850a3"
  },
  "6e4c493931babda9c47f796e740c97f7": {
    "channelNumber": "37",
    "name": " Panda TV",
    "playlistID": "M5NKC3WGTR5FV86NPW2W",
    "url": "https://i.mjh.nz/.r/panda-tv.m3u8",
    "backup_channel_1": null,
    "backup_channel_2": null,
    "backup_channel_3": null,
    "urlID": "6e4c493931babda9c47f796e740c97f7"
  },
  "6fb250a37ddd69d5974c8f608289e093": {
    "channelNumber": "20",
    "name": " Al Jazeera",
    "playlistID": "M5NKC3WGTR5FV86NPW2W",
    "url": "https://i.mjh.nz/.r/al-jazeera.m3u8",
    "backup_channel_1": null,
    "backup_channel_2": null,
    "backup_channel_3": null,
    "urlID": "6fb250a37ddd69d5974c8f608289e093"
  },
  "72f8f626fbf4c86fe84acc153db8043c": {
    "channelNumber": "19",
    "name": " HGTV",
    "playlistID": "M5NKC3WGTR5FV86NPW2W",
    "url": "https://i.mjh.nz/.r/discovery-hgtv.m3u8",
    "backup_channel_1": null,
    "backup_channel_2": null,
    "backup_channel_3": null,
    "urlID": "72f8f626fbf4c86fe84acc153db8043c"
  },
  "75409e412fab03f153eb21d9f224f7b2": {
    "channelNumber": "36",
    "name": " APNA Television",
    "playlistID": "M5NKC3WGTR5FV86NPW2W",
    "url": "https://i.mjh.nz/.r/apna-television.m3u8",
    "backup_channel_1": null,
    "backup_channel_2": null,
    "backup_channel_3": null,
    "urlID": "75409e412fab03f153eb21d9f224f7b2"
  },
  "7b928b8a84c6a28cebce882aa88468d6": {
    "channelNumber": "29",
    "name": " Chinese TV29",
    "playlistID": "M5NKC3WGTR5FV86NPW2W",
    "url": "https://i.mjh.nz/.r/chinese-tv29.m3u8",
    "backup_channel_1": null,
    "backup_channel_2": null,
    "backup_channel_3": null,
    "urlID": "7b928b8a84c6a28cebce882aa88468d6"
  },
  "8ba4ebef5be6b79e33e8b6f9299200cc": {
    "channelNumber": "28",
    "name": " Chinese TV28",
    "playlistID": "M5NKC3WGTR5FV86NPW2W",
    "url": "https://i.mjh.nz/.r/chinese-tv28.m3u8",
    "backup_channel_1": null,
    "backup_channel_2": null,
    "backup_channel_3": null,
    "urlID": "8ba4ebef5be6b79e33e8b6f9299200cc"
  },
  "90133d574d841e17e468a217e141be48": {
    "channelNumber": "1",
    "name": " TVNZ 1",
    "playlistID": "M5NKC3WGTR5FV86NPW2W",
    "url": "https://i.mjh.nz/.r/tvnz-1.m3u8",
    "backup_channel_1": null,
    "backup_channel_2": null,
    "backup_channel_3": null,
    "urlID": "90133d574d841e17e468a217e141be48"
  },
  "912fa10f4cebf6f927499f81b3b0abb5": {
    "channelNumber": "24",
    "name": " Trackside 2",
    "playlistID": "M5NKC3WGTR5FV86NPW2W",
    "url": "https://i.mjh.nz/.r/trackside-2.m3u8",
    "backup_channel_1": null,
    "backup_channel_2": null,
    "backup_channel_3": null,
    "urlID": "912fa10f4cebf6f927499f81b3b0abb5"
  },
  "92a6b0f9691b1c634395f7a741b32022": {
    "channelNumber": "27",
    "name": " Hope Channel",
    "playlistID": "M5NKC3WGTR5FV86NPW2W",
    "url": "https://i.mjh.nz/.r/hope-channel.m3u8",
    "backup_channel_1": null,
    "backup_channel_2": null,
    "backup_channel_3": null,
    "urlID": "92a6b0f9691b1c634395f7a741b32022"
  },
  "938091324bf66da78c3de0edd37cded4": {
    "channelNumber": "14",
    "name": " RUSH",
    "playlistID": "M5NKC3WGTR5FV86NPW2W",
    "url": "https://i.mjh.nz/.r/rush-nz.m3u8",
    "backup_channel_1": null,
    "backup_channel_2": null,
    "backup_channel_3": null,
    "urlID": "938091324bf66da78c3de0edd37cded4"
  },
  "94ddac655bb880069c871e0b23f946dd": {
    "channelNumber": "1000",
    "name": " ThreeNow Sport 1",
    "playlistID": "M5NKC3WGTR5FV86NPW2W",
    "url": "https://i.mjh.nz/.r/discovery-popup1.m3u8",
    "backup_channel_1": null,
    "backup_channel_2": null,
    "backup_channel_3": null,
    "urlID": "94ddac655bb880069c871e0b23f946dd"
  },
  "a09e79c0f9c38796667e3b9b91b38ed0": {
    "channelNumber": "1014",
    "name": " JuiceX",
    "playlistID": "M5NKC3WGTR5FV86NPW2W",
    "url": "https://i.mjh.nz/.r/juice-x.m3u8",
    "backup_channel_1": null,
    "backup_channel_2": null,
    "backup_channel_3": null,
    "urlID": "a09e79c0f9c38796667e3b9b91b38ed0"
  },
  "aa53e9786bf86e64e870cefc2110bd4e": {
    "channelNumber": "18",
    "name": " eden+1",
    "playlistID": "M5NKC3WGTR5FV86NPW2W",
    "url": "https://i.mjh.nz/.r/eden-plus1.m3u8",
    "backup_channel_1": null,
    "backup_channel_2": null,
    "backup_channel_3": null,
    "urlID": "aa53e9786bf86e64e870cefc2110bd4e"
  },
  "ab436760f57d30d28c9d5356b39409ac": {
    "channelNumber": "6",
    "name": " DUKE",
    "playlistID": "M5NKC3WGTR5FV86NPW2W",
    "url": "https://i.mjh.nz/.r/tvnz-duke.m3u8",
    "backup_channel_1": null,
    "backup_channel_2": null,
    "backup_channel_3": null,
    "urlID": "ab436760f57d30d28c9d5356b39409ac"
  },
  "b068f48888372cffba7c50848a7c990f": {
    "channelNumber": "4",
    "name": " Bravo",
    "playlistID": "M5NKC3WGTR5FV86NPW2W",
    "url": "https://i.mjh.nz/.r/bravo.m3u8",
    "backup_channel_1": null,
    "backup_channel_2": null,
    "backup_channel_3": null,
    "urlID": "b068f48888372cffba7c50848a7c990f"
  },
  "b2f68f8bffa9d6fd00fb5ec6a0c97e0d": {
    "channelNumber": "1013",
    "name": " JuiceTV",
    "playlistID": "M5NKC3WGTR5FV86NPW2W",
    "url": "https://i.mjh.nz/.r/juice-tv.m3u8",
    "backup_channel_1": null,
    "backup_channel_2": null,
    "backup_channel_3": null,
    "urlID": "b2f68f8bffa9d6fd00fb5ec6a0c97e0d"
  },
  "b7d211768a8d276833784666adb296e5": {
    "channelNumber": "200",
    "name": " CH200",
    "playlistID": "M5NKC3WGTR5FV86NPW2W",
    "url": "https://i.mjh.nz/.r/ch200.m3u8",
    "backup_channel_1": null,
    "backup_channel_2": null,
    "backup_channel_3": null,
    "urlID": "b7d211768a8d276833784666adb296e5"
  },
  "b8631329adb6645c14c75e8035e099a0": {
    "channelNumber": "1015",
    "name": " TVSN Shopping",
    "playlistID": "M5NKC3WGTR5FV86NPW2W",
    "url": "https://i.mjh.nz/.r/tvsn-shopping.m3u8",
    "backup_channel_1": null,
    "backup_channel_2": null,
    "backup_channel_3": null,
    "urlID": "b8631329adb6645c14c75e8035e099a0"
  },
  "be9e6ccfea6ada34a648edc3bdef097f": {
    "channelNumber": "1003",
    "name": " MovieSphere",
    "playlistID": "M5NKC3WGTR5FV86NPW2W",
    "url": "https://i.mjh.nz/.r/discovery-ptms.m3u8",
    "backup_channel_1": null,
    "backup_channel_2": null,
    "backup_channel_3": null,
    "urlID": "be9e6ccfea6ada34a648edc3bdef097f"
  },
  "c4874d687a10921517cb59c953edc938": {
    "channelNumber": "2",
    "name": " TVNZ 2",
    "playlistID": "M5NKC3WGTR5FV86NPW2W",
    "url": "https://i.mjh.nz/.r/tvnz-2.m3u8",
    "backup_channel_1": null,
    "backup_channel_2": null,
    "backup_channel_3": null,
    "urlID": "c4874d687a10921517cb59c953edc938"
  },
  "c63673597c532e5402f2998f533d0ae9": {
    "channelNumber": "26",
    "name": " Firstlight",
    "playlistID": "M5NKC3WGTR5FV86NPW2W",
    "url": "https://i.mjh.nz/.r/firstlight.m3u8",
    "backup_channel_1": null,
    "backup_channel_2": null,
    "backup_channel_3": null,
    "urlID": "c63673597c532e5402f2998f533d0ae9"
  },
  "cce334378006124b4a960fb055061d34": {
    "channelNumber": "5",
    "name": " Whakaata Māori",
    "playlistID": "M5NKC3WGTR5FV86NPW2W",
    "url": "https://i.mjh.nz/.r/maori-tv.m3u8",
    "backup_channel_1": null,
    "backup_channel_2": null,
    "backup_channel_3": null,
    "urlID": "cce334378006124b4a960fb055061d34"
  },
  "dece41b2ebf782b0cee5ae7547274236": {
    "channelNumber": "1008",
    "name": " Warner Bros TV Motorheads",
    "playlistID": "M5NKC3WGTR5FV86NPW2W",
    "url": "https://i.mjh.nz/.r/discovery-fast1.m3u8",
    "backup_channel_1": null,
    "backup_channel_2": null,
    "backup_channel_3": null,
    "urlID": "dece41b2ebf782b0cee5ae7547274236"
  },
  "dfb9235a96e2d846bf48c9fa00321870": {
    "channelNumber": "1012",
    "name": " Trackside Premier",
    "playlistID": "M5NKC3WGTR5FV86NPW2W",
    "url": "https://i.mjh.nz/.r/trackside-premier.m3u8",
    "backup_channel_1": null,
    "backup_channel_2": null,
    "backup_channel_3": null,
    "urlID": "dfb9235a96e2d846bf48c9fa00321870"
  },
  "e7f589d5a7f140549721f21caf19cc4c": {
    "channelNumber": "13",
    "name": " ThreePlus1",
    "playlistID": "M5NKC3WGTR5FV86NPW2W",
    "url": "https://i.mjh.nz/.r/three-plus1.m3u8",
    "backup_channel_1": null,
    "backup_channel_2": null,
    "backup_channel_3": null,
    "urlID": "e7f589d5a7f140549721f21caf19cc4c"
  },
  "e80525e87a6ca1f2efc3f14a5b43557f": {
    "channelNumber": "21",
    "name": " Sky Open+1",
    "playlistID": "M5NKC3WGTR5FV86NPW2W",
    "url": "https://i.mjh.nz/.r/prime-plus1.m3u8",
    "backup_channel_1": null,
    "backup_channel_2": null,
    "backup_channel_3": null,
    "urlID": "e80525e87a6ca1f2efc3f14a5b43557f"
  },
  "e8ba4f3e97c402deae27b557cb0cd492": {
    "channelNumber": "15",
    "name": " Sky Open",
    "playlistID": "M5NKC3WGTR5FV86NPW2W",
    "url": "https://i.mjh.nz/.r/prime.m3u8",
    "backup_channel_1": null,
    "backup_channel_2": null,
    "backup_channel_3": null,
    "urlID": "e8ba4f3e97c402deae27b557cb0cd492"
  },
  "ef259eadf2db1b402558717800ac44ca": {
    "channelNumber": "9",
    "name": " Bravo PLUS 1",
    "playlistID": "M5NKC3WGTR5FV86NPW2W",
    "url": "https://i.mjh.nz/.r/bravo-plus1.m3u8",
    "backup_channel_1": null,
    "backup_channel_2": null,
    "backup_channel_3": null,
    "urlID": "ef259eadf2db1b402558717800ac44ca"
  },
  "f7a120191ea1d862c787e6d683b3592d": {
    "channelNumber": "1005",
    "name": " The Graham Norton Show",
    "playlistID": "M5NKC3WGTR5FV86NPW2W",
    "url": "https://i.mjh.nz/.r/discovery-ptgn.m3u8",
    "backup_channel_1": null,
    "backup_channel_2": null,
    "backup_channel_3": null,
    "urlID": "f7a120191ea1d862c787e6d683b3592d"
  },
  "f9cf6245ce7b98cc5d9056515d1125d1": {
    "channelNumber": "1007",
    "name": " Warner Bros TV Paranormal",
    "playlistID": "M5NKC3WGTR5FV86NPW2W",
    "url": "https://i.mjh.nz/.r/discovery-fast5.m3u8",
    "backup_channel_1": null,
    "backup_channel_2": null,
    "backup_channel_3": null,
    "urlID": "f9cf6245ce7b98cc5d9056515d1125d1"
  }
}