{
  "x-ID.0": {
    "_file.m3u.id": "M5NKC3WGTR5FV86NPW2W",
    "_file.m3u.name": "NZTV",
    "_file.m3u.path": "/home/threadfin/conf/data/M5NKC3WGTR5FV86NPW2W.m3u",
    "group-title": "Nz",
    "name": " ThreeNow Sport 1",
    "tvg-id": "mjh-discovery-popup1",
    "tvg-logo": "https://cdn.fullscreen.nz/v1/images/channel/linear/popup1/logos/default.png",
    "tvg-name": " ThreeNow Sport 1",
    "tvg-chno": "1000",
    "url": "https://i.mjh.nz/.r/discovery-popup1.m3u8",
    "_uuid.key": "tvg-name",
    "_values": "mjh-discovery-popup1 Nz  ThreeNow Sport 1",
    "x-active": true,
    "x-category": "",
    "x-channelID": "1000",
    "x-epg": "x-ID.0",
    "x-group-title": "Nz",
    "x-mapping": "mjh-discovery-popup1",
    "x-xmltv-file": "XZB03XV5D6KB0UOSLMS3.xml",
    "x-ppv-extra": "",
    "x-backup-channel-1": "",
    "x-backup-channel-2": "",
    "x-backup-channel-3": "",
    "x-hide-channel": false,
    "x-name": " ThreeNow Sport 1",
    "x-update-channel-icon": false,
    "x-update-channel-name": false,
    "x-description": "",
    "live": false,
    "is_backup_channel": false,
    "backup_channel_1": null,
    "backup_channel_2": null,
    "backup_channel_3": null,
    "channelUniqueID": " ThreeNow Sport 1M5NKC3WGTR5FV86NPW2W"
  },
  "x-ID.1": {
    "_file.m3u.id": "M5NKC3WGTR5FV86NPW2W",
    "_file.m3u.name": "NZTV",
    "_file.m3u.path": "/home/threadfin/conf/data/M5NKC3WGTR5FV86NPW2W.m3u",
    "group-title": "Nz",
    "name": " ThreeNow Sport 2",
    "tvg-id": "mjh-discovery-popup2",
    "tvg-logo": "https://cdn.fullscreen.nz/v1/images/channel/linear/popup2/logos/default.png",
    "tvg-name": " ThreeNow Sport 2",
    "tvg-chno": "1001",
    "url": "https://i.mjh.nz/.r/discovery-popup2.m3u8",
    "_uuid.key": "tvg-name",
    "_values": "mjh-discovery-popup2 Nz  ThreeNow Sport 2",
    "x-active": true,
    "x-category": "",
    "x-channelID": "1001",
    "x-epg": "x-ID.1",
    "x-group-title": "Nz",
    "x-mapping": "mjh-discovery-popup2",
    "x-xmltv-file": "XZB03XV5D6KB0UOSLMS3.xml",
    "x-ppv-extra": "",
    "x-backup-channel-1": "",
    "x-backup-channel-2": "",
    "x-backup-channel-3": "",
    "x-hide-channel": false,
    "x-name": " ThreeNow Sport 2",
    "x-update-channel-icon": false,
    "x-update-channel-name": false,
    "x-description": "",
    "live": false,
    "is_backup_channel": false,
    "backup_channel_1": null,
    "backup_channel_2": null,
    "backup_channel_3": null,
    "channelUniqueID": " ThreeNow Sport 2M5NKC3WGTR5FV86NPW2W"
  },
  "x-ID.10": {
    "_file.m3u.id": "M5NKC3WGTR5FV86NPW2W",
    "_file.m3u.name": "NZTV",
    "_file.m3u.path": "/home/threadfin/conf/data/M5NKC3WGTR5FV86NPW2W.m3u",
    "group-title": "Nz",
    "name": " West Family Sagas",
    "tvg-id": "mjh-discovery-fast7",
    "tvg-logo": "https://cdn.fullscreen.nz/v1/images/channel/linear/fast7/logos/default.png",
    "tvg-name": " West Family Sagas",
    "tvg-chno": "1009",
    "url": "https://i.mjh.nz/.r/discovery-fast7.m3u8",
    "_uuid.key": "tvg-name",
    "_values": "mjh-discovery-fast7 Nz  West Family Sagas",
    "x-active": true,
    "x-category": "",
    "x-channelID": "1009",
    "x-epg": "x-ID.10",
    "x-group-title": "Nz",
    "x-mapping": "mjh-discovery-fast7",
    "x-xmltv-file": "XZB03XV5D6KB0UOSLMS3.xml",
    "x-ppv-extra": "",
    "x-backup-channel-1": "",
    "x-backup-channel-2": "",
    "x-backup-channel-3": "",
    "x-hide-channel": false,
    "x-name": " West Family Sagas",
    "x-update-channel-icon": false,
    "x-update-channel-name": false,
    "x-description": "",
    "live": false,
    "is_backup_channel": false,
    "backup_channel_1": null,
    "backup_channel_2": null,
    "backup_channel_3": null,
    "channelUniqueID": " West Family SagasM5NKC3WGTR5FV86NPW2W"
  },
  "x-ID.11": {
    "_file.m3u.id": "M5NKC3WGTR5FV86NPW2W",
    "_file.m3u.name": "NZTV",
    "_file.m3u.path": "/home/threadfin/conf/data/M5NKC3WGTR5FV86NPW2W.m3u",
    "group-title": "Nz",
    "name": " Warner Bros TV Deadliest Catch",
    "tvg-id": "mjh-discovery-fast2",
    "tvg-logo": "https://cdn.fullscreen.nz/v1/images/channel/linear/fast2/logos/default.png",
    "tvg-name": " Warner Bros TV Deadliest Catch",
    "tvg-chno": "1010",
    "url": "https://i.mjh.nz/.r/discovery-fast2.m3u8",
    "_uuid.key": "tvg-name",
    "_values": "mjh-discovery-fast2 Nz  Warner Bros TV Deadliest Catch",
    "x-active": true,
    "x-category": "",
    "x-channelID": "1010",
    "x-epg": "x-ID.11",
    "x-group-title": "Nz",
    "x-mapping": "mjh-discovery-fast2",
    "x-xmltv-file": "XZB03XV5D6KB0UOSLMS3.xml",
    "x-ppv-extra": "",
    "x-backup-channel-1": "",
    "x-backup-channel-2": "",
    "x-backup-channel-3": "",
    "x-hide-channel": false,
    "x-name": " Warner Bros TV Deadliest Catch",
    "x-update-channel-icon": false,
    "x-update-channel-name": false,
    "x-description": "",
    "live": false,
    "is_backup_channel": false,
    "backup_channel_1": null,
    "backup_channel_2": null,
    "backup_channel_3": null,
    "channelUniqueID": " Warner Bros TV Deadliest CatchM5NKC3WGTR5FV86NPW2W"
  },
  "x-ID.12": {
    "_file.m3u.id": "M5NKC3WGTR5FV86NPW2W",
    "_file.m3u.name": "NZTV",
    "_file.m3u.path": "/home/threadfin/conf/data/M5NKC3WGTR5FV86NPW2W.m3u",
    "group-title": "Nz",
    "name": " Warner Bros TV House Hunters",
    "tvg-id": "mjh-discovery-fast6",
    "tvg-logo": "https://cdn.fullscreen.nz/v1/images/channel/linear/fast6/logos/default.png",
    "tvg-name": " Warner Bros TV House Hunters",
    "tvg-chno": "1011",
    "url": "https://i.mjh.nz/.r/discovery-fast6.m3u8",
    "_uuid.key": "tvg-name",
    "_values": "mjh-discovery-fast6 Nz  Warner Bros TV House Hunters",
    "x-active": true,
    "x-category": "",
    "x-channelID": "1011",
    "x-epg": "x-ID.12",
    "x-group-title": "Nz",
    "x-mapping": "mjh-discovery-fast6",
    "x-xmltv-file": "XZB03XV5D6KB0UOSLMS3.xml",
    "x-ppv-extra": "",
    "x-backup-channel-1": "",
    "x-backup-channel-2": "",
    "x-backup-channel-3": "",
    "x-hide-channel": false,
    "x-name": " Warner Bros TV House Hunters",
    "x-update-channel-icon": false,
    "x-update-channel-name": false,
    "x-description": "",
    "live": false,
    "is_backup_channel": false,
    "backup_channel_1": null,
    "backup_channel_2": null,
    "backup_channel_3": null,
    "channelUniqueID": " Warner Bros TV House HuntersM5NKC3WGTR5FV86NPW2W"
  },
  "x-ID.13": {
    "_file.m3u.id": "M5NKC3WGTR5FV86NPW2W",
    "_file.m3u.name": "NZTV",
    "_file.m3u.path": "/home/threadfin/conf/data/M5NKC3WGTR5FV86NPW2W.m3u",
    "group-title": "Nz",
    "name": " TVNZ 1",
    "tvg-id": "mjh-tvnz-1",
    "tvg-logo": "https://i.mjh.nz/.images/tvnz-1.png",
    "tvg-name": " TVNZ 1",
    "tvg-chno": "1",
    "url": "https://i.mjh.nz/.r/tvnz-1.m3u8",
    "_uuid.key": "tvg-name",
    "_values": "mjh-tvnz-1 1 Nz  TVNZ 1",
    "x-active": true,
    "x-category": "",
    "x-channelID": "1",
    "x-epg": "x-ID.13",
    "x-group-title": "Nz",
    "x-mapping": "mjh-tvnz-1",
    "x-xmltv-file": "XZB03XV5D6KB0UOSLMS3.xml",
    "x-ppv-extra": "",
    "x-backup-channel-1": "",
    "x-backup-channel-2": "",
    "x-backup-channel-3": "",
    "x-hide-channel": false,
    "x-name": " TVNZ 1",
    "x-update-channel-icon": false,
    "x-update-channel-name": false,
    "x-description": "",
    "live": false,
    "is_backup_channel": false,
    "backup_channel_1": null,
    "backup_channel_2": null,
    "backup_channel_3": null,
    "channelUniqueID": " TVNZ 1M5NKC3WGTR5FV86NPW2W"
  },
  "x-ID.14": {
    "_file.m3u.id": "M5NKC3WGTR5FV86NPW2W",
    "_file.m3u.name": "NZTV",
    "_file.m3u.path": "/home/threadfin/conf/data/M5NKC3WGTR5FV86NPW2W.m3u",
    "group-title": "Nz",
    "name": " TVNZ 2",
    "tvg-id": "mjh-tvnz-2",
    "tvg-logo": "https://i.mjh.nz/.images/tvnz-2.png",
    "tvg-name": " TVNZ 2",
    "tvg-chno": "2",
    "url": "https://i.mjh.nz/.r/tvnz-2.m3u8",
    "_uuid.key": "tvg-name",
    "_values": "mjh-tvnz-2 2 Nz  TVNZ 2",
    "x-active": true,
    "x-category": "",
    "x-channelID": "2",
    "x-epg": "x-ID.14",
    "x-group-title": "Nz",
    "x-mapping": "mjh-tvnz-2",
    "x-xmltv-file": "XZB03XV5D6KB0UOSLMS3.xml",
    "x-ppv-extra": "",
    "x-backup-channel-1": "",
    "x-backup-channel-2": "",
    "x-backup-channel-3": "",
    "x-hide-channel": false,
    "x-name": " TVNZ 2",
    "x-update-channel-icon": false,
    "x-update-channel-name": false,
    "x-description": "",
    "live": false,
    "is_backup_channel": false,
    "backup_channel_1": null,
    "backup_channel_2": null,
    "backup_channel_3": null,
    "channelUniqueID": " TVNZ 2M5NKC3WGTR5FV86NPW2W"
  },
  "x-ID.15": {
    "_file.m3u.id": "M5NKC3WGTR5FV86NPW2W",
    "_file.m3u.name": "NZTV",
    "_file.m3u.path": "/home/threadfin/conf/data/M5NKC3WGTR5FV86NPW2W.m3u",
    "group-title": "Nz",
    "name": " Three",
    "tvg-id": "mjh-three",
    "tvg-logo": "https://i.mjh.nz/.images/three.png",
    "tvg-name": " Three",
    "tvg-chno": "3",
    "url": "https://i.mjh.nz/.r/three.m3u8",
    "_uuid.key": "tvg-name",
    "_values": "mjh-three 3 Nz  Three",
    "x-active": true,
    "x-category": "",
    "x-channelID": "3",
    "x-epg": "x-ID.15",
    "x-group-title": "Nz",
    "x-mapping": "mjh-three",
    "x-xmltv-file": "XZB03XV5D6KB0UOSLMS3.xml",
    "x-ppv-extra": "",
    "x-backup-channel-1": "",
    "x-backup-channel-2": "",
    "x-backup-channel-3": "",
    "x-hide-channel": false,
    "x-name": " Three",
    "x-update-channel-icon": false,
    "x-update-channel-name": false,
    "x-description": "",
    "live": false,
    "is_backup_channel": false,
    "backup_channel_1": null,
    "backup_channel_2": null,
    "backup_channel_3": null,
    "channelUniqueID": " ThreeM5NKC3WGTR5FV86NPW2W"
  },
  "x-ID.16": {
    "_file.m3u.id": "M5NKC3WGTR5FV86NPW2W",
    "_file.m3u.name": "NZTV",
    "_file.m3u.path": "/home/threadfin/conf/data/M5NKC3WGTR5FV86NPW2W.m3u",
    "group-title": "Nz",
    "name": " Bravo",
    "tvg-id": "mjh-bravo",
    "tvg-logo": "https://i.mjh.nz/.images/bravo.png",
    "tvg-name": " Bravo",
    "tvg-chno": "4",
    "url": "https://i.mjh.nz/.r/bravo.m3u8",
    "_uuid.key": "tvg-name",
    "_values": "mjh-bravo 4 Nz  Bravo",
    "x-active": true,
    "x-category": "",
    "x-channelID": "4",
    "x-epg": "x-ID.16",
    "x-group-title": "Nz",
    "x-mapping": "mjh-bravo",
    "x-xmltv-file": "XZB03XV5D6KB0UOSLMS3.xml",
    "x-ppv-extra": "",
    "x-backup-channel-1": "",
    "x-backup-channel-2": "",
    "x-backup-channel-3": "",
    "x-hide-channel": false,
    "x-name": " Bravo",
    "x-update-channel-icon": false,
    "x-update-channel-name": false,
    "x-description": "",
    "live": false,
    "is_backup_channel": false,
    "backup_channel_1": null,
    "backup_channel_2": null,
    "backup_channel_3": null,
    "channelUniqueID": " BravoM5NKC3WGTR5FV86NPW2W"
  },
  "x-ID.17": {
    "_file.m3u.id": "M5NKC3WGTR5FV86NPW2W",
    "_file.m3u.name": "NZTV",
    "_file.m3u.path": "/home/threadfin/conf/data/M5NKC3WGTR5FV86NPW2W.m3u",
    "group-title": "Nz",
    "name": " Whakaata Māori",
    "tvg-id": "mjh-maori-tv",
    "tvg-logo": "https://i.mjh.nz/.images/maori-tv.png",
    "tvg-name": " Whakaata Māori",
    "tvg-chno": "5",
    "url": "https://i.mjh.nz/.r/maori-tv.m3u8",
    "_uuid.key": "tvg-name",
    "_values": "mjh-maori-tv 5 Nz  Whakaata Māori",
    "x-active": true,
    "x-category": "",
    "x-channelID": "5",
    "x-epg": "x-ID.17",
    "x-group-title": "Nz",
    "x-mapping": "mjh-maori-tv",
    "x-xmltv-file": "XZB03XV5D6KB0UOSLMS3.xml",
    "x-ppv-extra": "",
    "x-backup-channel-1": "",
    "x-backup-channel-2": "",
    "x-backup-channel-3": "",
    "x-hide-channel": false,
    "x-name": " Whakaata Māori",
    "x-update-channel-icon": false,
    "x-update-channel-name": false,
    "x-description": "",
    "live": false,
    "is_backup_channel": false,
    "backup_channel_1": null,
    "backup_channel_2": null,
    "backup_channel_3": null,
    "channelUniqueID": " Whakaata MāoriM5NKC3WGTR5FV86NPW2W"
  },
  "x-ID.18": {
    "_file.m3u.id": "M5NKC3WGTR5FV86NPW2W",
    "_file.m3u.name": "NZTV",
    "_file.m3u.path": "/home/threadfin/conf/data/M5NKC3WGTR5FV86NPW2W.m3u",
    "group-title": "Nz",
    "name": " DUKE",
    "tvg-id": "mjh-tvnz-duke",
    "tvg-logo": "https://i.mjh.nz/.images/tvnz-duke.png",
    "tvg-name": " DUKE",
    "tvg-chno": "6",
    "url": "https://i.mjh.nz/.r/tvnz-duke.m3u8",
    "_uuid.key": "tvg-name",
    "_values": "mjh-tvnz-duke 6 Nz  DUKE",
    "x-active": true,
    "x-category": "",
    "x-channelID": "6",
    "x-epg": "x-ID.18",
    "x-group-title": "Nz",
    "x-mapping": "mjh-tvnz-duke",
    "x-xmltv-file": "XZB03XV5D6KB0UOSLMS3.xml",
    "x-ppv-extra": "",
    "x-backup-channel-1": "",
    "x-backup-channel-2": "",
    "x-backup-channel-3": "",
    "x-hide-channel": false,
    "x-name": " DUKE",
    "x-update-channel-icon": false,
    "x-update-channel-name": false,
    "x-description": "",
    "live": false,
    "is_backup_channel": false,
    "backup_channel_1": null,
    "backup_channel_2": null,
    "backup_channel_3": null,
    "channelUniqueID": " DUKEM5NKC3WGTR5FV86NPW2W"
  },
  "x-ID.19": {
    "_file.m3u.id": "M5NKC3WGTR5FV86NPW2W",
    "_file.m3u.name": "NZTV",
    "_file.m3u.path": "/home/threadfin/conf/data/M5NKC3WGTR5FV86NPW2W.m3u",
    "group-title": "Nz",
    "name": " eden",
    "tvg-id": "mjh-eden",
    "tvg-logo": "https://i.mjh.nz/.images/eden.png",
    "tvg-name": " eden",
    "tvg-chno": "8",
    "url": "https://i.mjh.nz/.r/eden.m3u8",
    "_uuid.key": "tvg-name",
    "_values": "mjh-eden 8 Nz  eden",
    "x-active": true,
    "x-category": "",
    "x-channelID": "8",
    "x-epg": "x-ID.19",
    "x-group-title": "Nz",
    "x-mapping": "mjh-eden",
    "x-xmltv-file": "XZB03XV5D6KB0UOSLMS3.xml",
    "x-ppv-extra": "",
    "x-backup-channel-1": "",
    "x-backup-channel-2": "",
    "x-backup-channel-3": "",
    "x-hide-channel": false,
    "x-name": " eden",
    "x-update-channel-icon": false,
    "x-update-channel-name": false,
    "x-description": "",
    "live": false,
    "is_backup_channel": false,
    "backup_channel_1": null,
    "backup_channel_2": null,
    "backup_channel_3": null,
    "channelUniqueID": " edenM5NKC3WGTR5FV86NPW2W"
  },
  "x-ID.2": {
    "_file.m3u.id": "M5NKC3WGTR5FV86NPW2W",
    "_file.m3u.name": "NZTV",
    "_file.m3u.path": "/home/threadfin/conf/data/M5NKC3WGTR5FV86NPW2W.m3u",
    "group-title": "Nz",
    "name": " HGTV",
    "tvg-id": "mjh-discovery-hgtv",
    "tvg-logo": "https://cdn.fullscreen.nz/v1/images/channel/linear/hgtv/logos/default.png",
    "tvg-name": " HGTV",
    "tvg-chno": "19",
    "url": "https://i.mjh.nz/.r/discovery-hgtv.m3u8",
    "_uuid.key": "tvg-name",
    "_values": "mjh-discovery-hgtv 19 Nz  HGTV",
    "x-active": true,
    "x-category": "",
    "x-channelID": "19",
    "x-epg": "x-ID.2",
    "x-group-title": "Nz",
    "x-mapping": "mjh-discovery-hgtv",
    "x-xmltv-file": "XZB03XV5D6KB0UOSLMS3.xml",
    "x-ppv-extra": "",
    "x-backup-channel-1": "",
    "x-backup-channel-2": "",
    "x-backup-channel-3": "",
    "x-hide-channel": false,
    "x-name": " HGTV",
    "x-update-channel-icon": false,
    "x-update-channel-name": false,
    "x-description": "",
    "live": false,
    "is_backup_channel": false,
    "backup_channel_1": null,
    "backup_channel_2": null,
    "backup_channel_3": null,
    "channelUniqueID": " HGTVM5NKC3WGTR5FV86NPW2W"
  },
  "x-ID.20": {
    "_file.m3u.id": "M5NKC3WGTR5FV86NPW2W",
    "_file.m3u.name": "NZTV",
    "_file.m3u.path": "/home/threadfin/conf/data/M5NKC3WGTR5FV86NPW2W.m3u",
    "group-title": "Nz",
    "name": " Bravo PLUS 1",
    "tvg-id": "mjh-bravo-plus1",
    "tvg-logo": "https://i.mjh.nz/.images/bravo-plus1.png",
    "tvg-name": " Bravo PLUS 1",
    "tvg-chno": "9",
    "url": "https://i.mjh.nz/.r/bravo-plus1.m3u8",
    "_uuid.key": "tvg-name",
    "_values": "mjh-bravo-plus1 9 Nz  Bravo PLUS 1",
    "x-active": true,
    "x-category": "",
    "x-channelID": "9",
    "x-epg": "x-ID.20",
    "x-group-title": "Nz",
    "x-mapping": "mjh-bravo-plus1",
    "x-xmltv-file": "XZB03XV5D6KB0UOSLMS3.xml",
    "x-ppv-extra": "",
    "x-backup-channel-1": "",
    "x-backup-channel-2": "",
    "x-backup-channel-3": "",
    "x-hide-channel": false,
    "x-name": " Bravo PLUS 1",
    "x-update-channel-icon": false,
    "x-update-channel-name": false,
    "x-description": "",
    "live": false,
    "is_backup_channel": false,
    "backup_channel_1": null,
    "backup_channel_2": null,
    "backup_channel_3": null,
    "channelUniqueID": " Bravo PLUS 1M5NKC3WGTR5FV86NPW2W"
  },
  "x-ID.21": {
    "_file.m3u.id": "M5NKC3WGTR5FV86NPW2W",
    "_file.m3u.name": "NZTV",
    "_file.m3u.path": "/home/threadfin/conf/data/M5NKC3WGTR5FV86NPW2W.m3u",
    "group-title": "Nz",
    "name": " ThreePlus1",
    "tvg-id": "mjh-three-plus1",
    "tvg-logo": "https://i.mjh.nz/.images/three-plus1.png",
    "tvg-name": " ThreePlus1",
    "tvg-chno": "13",
    "url": "https://i.mjh.nz/.r/three-plus1.m3u8",
    "_uuid.key": "tvg-name",
    "_values": "mjh-three-plus1 13 Nz  ThreePlus1",
    "x-active": true,
    "x-category": "",
    "x-channelID": "13",
    "x-epg": "x-ID.21",
    "x-group-title": "Nz",
    "x-mapping": "mjh-three-plus1",
    "x-xmltv-file": "XZB03XV5D6KB0UOSLMS3.xml",
    "x-ppv-extra": "",
    "x-backup-channel-1": "",
    "x-backup-channel-2": "",
    "x-backup-channel-3": "",
    "x-hide-channel": false,
    "x-name": " ThreePlus1",
    "x-update-channel-icon": false,
    "x-update-channel-name": false,
    "x-description": "",
    "live": false,
    "is_backup_channel": false,
    "backup_channel_1": null,
    "backup_channel_2": null,
    "backup_channel_3": null,
    "channelUniqueID": " ThreePlus1M5NKC3WGTR5FV86NPW2W"
  },
  "x-ID.22": {
    "_file.m3u.id": "M5NKC3WGTR5FV86NPW2W",
    "_file.m3u.name": "NZTV",
    "_file.m3u.path": "/home/threadfin/conf/data/M5NKC3WGTR5FV86NPW2W.m3u",
    "group-title": "Nz",
    "name": " RUSH",
    "tvg-id": "mjh-rush-nz",
    "tvg-logo": "https://i.mjh.nz/.images/rush-nz.png",
    "tvg-name": " RUSH",
    "tvg-chno": "14",
    "url": "https://i.mjh.nz/.r/rush-nz.m3u8",
    "_uuid.key": "tvg-name",
    "_values": "mjh-rush-nz 14 Nz  RUSH",
    "x-active": true,
    "x-category": "",
    "x-channelID": "14",
    "x-epg": "x-ID.22",
    "x-group-title": "Nz",
    "x-mapping": "mjh-rush-nz",
    "x-xmltv-file": "XZB03XV5D6KB0UOSLMS3.xml",
    "x-ppv-extra": "",
    "x-backup-channel-1": "",
    "x-backup-channel-2": "",
    "x-backup-channel-3": "",
    "x-hide-channel": false,
    "x-name": " RUSH",
    "x-update-channel-icon": false,
    "x-update-channel-name": false,
    "x-description": "",
    "live": false,
    "is_backup_channel": false,
    "backup_channel_1": null,
    "backup_channel_2": null,
    "backup_channel_3": null,
    "channelUniqueID": " RUSHM5NKC3WGTR5FV86NPW2W"
  },
  "x-ID.23": {
    "_file.m3u.id": "M5NKC3WGTR5FV86NPW2W",
    "_file.m3u.name": "NZTV",
    "_file.m3u.path": "/home/threadfin/conf/data/M5NKC3WGTR5FV86NPW2W.m3u",
    "group-title": "Nz",
    "name": " Te Reo",
    "tvg-id": "mjh-te-reo",
    "tvg-logo": "https://i.mjh.nz/.images/te-reo.png",
    "tvg-name": " Te Reo",
    "tvg-chno": "10",
    "url": "https://i.mjh.nz/.r/te-reo.m3u8",
    "_uuid.key": "tvg-name",
    "_values": "mjh-te-reo 10 Nz  Te Reo",
    "x-active": true,
    "x-category": "",
    "x-channelID": "10",
    "x-epg": "x-ID.23",
    "x-group-title": "Nz",
    "x-mapping": "mjh-te-reo",
    "x-xmltv-file": "XZB03XV5D6KB0UOSLMS3.xml",
    "x-ppv-extra": "",
    "x-backup-channel-1": "",
    "x-backup-channel-2": "",
    "x-backup-channel-3": "",
    "x-hide-channel": false,
    "x-name": " Te Reo",
    "x-update-channel-icon": false,
    "x-update-channel-name": false,
    "x-description": "",
    "live": false,
    "is_backup_channel": false,
    "backup_channel_1": null,
    "backup_channel_2": null,
    "backup_channel_3": null,
    "channelUniqueID": " Te ReoM5NKC3WGTR5FV86NPW2W"
  },
  "x-ID.24": {
    "_file.m3u.id": "M5NKC3WGTR5FV86NPW2W",
    "_file.m3u.name": "NZTV",
    "_file.m3u.path": "/home/threadfin/conf/data/M5NKC3WGTR5FV86NPW2W.m3u",
    "group-title": "Nz",
    "name": " Sky Open",
    "tvg-id": "mjh-prime",
    "tvg-logo": "https://i.mjh.nz/.images/sky-open.png",
    "tvg-name": " Sky Open",
    "tvg-chno": "15",
    "url": "https://i.mjh.nz/.r/prime.m3u8",
    "_uuid.key": "tvg-name",
    "_values": "mjh-prime 15 Nz  Sky Open",
    "x-active": true,
    "x-category": "",
    "x-channelID": "15",
    "x-epg": "x-ID.24",
    "x-group-title": "Nz",
    "x-mapping": "mjh-prime",
    "x-xmltv-file": "XZB03XV5D6KB0UOSLMS3.xml",
    "x-ppv-extra": "",
    "x-backup-channel-1": "",
    "x-backup-channel-2": "",
    "x-backup-channel-3": "",
    "x-hide-channel": false,
    "x-name": " Sky Open",
    "x-update-channel-icon": false,
    "x-update-channel-name": false,
    "x-description": "",
    "live": false,
    "is_backup_channel": false,
    "backup_channel_1": null,
    "backup_channel_2": null,
    "backup_channel_3": null,
    "channelUniqueID": " Sky OpenM5NKC3WGTR5FV86NPW2W"
  },
  "x-ID.25": {
    "_file.m3u.id": "M5NKC3WGTR5FV86NPW2W",
    "_file.m3u.name": "NZTV",
    "_file.m3u.path": "/home/threadfin/conf/data/M5NKC3WGTR5FV86NPW2W.m3u",
    "group-title": "Nz",
    "name": " eden+1",
    "tvg-id": "mjh-eden-plus1",
    "tvg-logo": "https://i.mjh.nz/.images/eden-plus1.png",
    "tvg-name": " eden+1",
    "tvg-chno": "18",
    "url": "https://i.mjh.nz/.r/eden-plus1.m3u8",
    "_uuid.key": "tvg-name",
    "_values": "mjh-eden-plus1 18 Nz  eden+1",
    "x-active": true,
    "x-category": "",
    "x-channelID": "18",
    "x-epg": "x-ID.25",
    "x-group-title": "Nz",
    "x-mapping": "mjh-eden-plus1",
    "x-xmltv-file": "XZB03XV5D6KB0UOSLMS3.xml",
    "x-ppv-extra": "",
    "x-backup-channel-1": "",
    "x-backup-channel-2": "",
    "x-backup-channel-3": "",
    "x-hide-channel": false,
    "x-name": " eden+1",
    "x-update-channel-icon": false,
    "x-update-channel-name": false,
    "x-description": "",
    "live": false,
    "is_backup_channel": false,
    "backup_channel_1": null,
    "backup_channel_2": null,
    "backup_channel_3": null,
    "channelUniqueID": " eden+1M5NKC3WGTR5FV86NPW2W"
  },
  "x-ID.26": {
    "_file.m3u.id": "M5NKC3WGTR5FV86NPW2W",
    "_file.m3u.name": "NZTV",
    "_file.m3u.path": "/home/threadfin/conf/data/M5NKC3WGTR5FV86NPW2W.m3u",
    "group-title": "Nz",
    "name": " Al Jazeera",
    "tvg-id": "mjh-al-jazeera",
    "tvg-logo": "https://i.mjh.nz/.images/al-jazeera.png",
    "tvg-name": " Al Jazeera",
    "tvg-chno": "20",
    "url": "https://i.mjh.nz/.r/al-jazeera.m3u8",
    "_uuid.key": "tvg-name",
    "_values": "mjh-al-jazeera 20 Nz  Al Jazeera",
    "x-active": true,
    "x-category": "",
    "x-channelID": "20",
    "x-epg": "x-ID.26",
    "x-group-title": "Nz",
    "x-mapping": "mjh-al-jazeera",
    "x-xmltv-file": "XZB03XV5D6KB0UOSLMS3.xml",
    "x-ppv-extra": "",
    "x-backup-channel-1": "",
    "x-backup-channel-2": "",
    "x-backup-channel-3": "",
    "x-hide-channel": false,
    "x-name": " Al Jazeera",
    "x-update-channel-icon": false,
    "x-update-channel-name": false,
    "x-description": "",
    "live": false,
    "is_backup_channel": false,
    "backup_channel_1": null,
    "backup_channel_2": null,
    "backup_channel_3": null,
    "channelUniqueID": " Al JazeeraM5NKC3WGTR5FV86NPW2W"
  },
  "x-ID.27": {
    "_file.m3u.id": "M5NKC3WGTR5FV86NPW2W",
    "_file.m3u.name": "NZTV",
    "_file.m3u.path": "/home/threadfin/conf/data/M5NKC3WGTR5FV86NPW2W.m3u",
    "group-title": "Nz",
    "name": " Sky Open+1",
    "tvg-id": "mjh-prime-plus1",
    "tvg-logo": "https://i.mjh.nz/.images/sky-open-plus1.png",
    "tvg-name": " Sky Open+1",
    "tvg-chno": "21",
    "url": "https://i.mjh.nz/.r/prime-plus1.m3u8",
    "_uuid.key": "tvg-name",
    "_values": "mjh-prime-plus1 21 Nz  Sky Open+1",
    "x-active": true,
    "x-category": "",
    "x-channelID": "21",
    "x-epg": "x-ID.27",
    "x-group-title": "Nz",
    "x-mapping": "mjh-prime-plus1",
    "x-xmltv-file": "XZB03XV5D6KB0UOSLMS3.xml",
    "x-ppv-extra": "",
    "x-backup-channel-1": "",
    "x-backup-channel-2": "",
    "x-backup-channel-3": "",
    "x-hide-channel": false,
    "x-name": " Sky Open+1",
    "x-update-channel-icon": false,
    "x-update-channel-name": false,
    "x-description": "",
    "live": false,
    "is_backup_channel": false,
    "backup_channel_1": null,
    "backup_channel_2": null,
    "backup_channel_3": null,
    "channelUniqueID": " Sky Open+1M5NKC3WGTR5FV86NPW2W"
  },
  "x-ID.28": {
    "_file.m3u.id": "M5NKC3WGTR5FV86NPW2W",
    "_file.m3u.name": "NZTV",
    "_file.m3u.path": "/home/threadfin/conf/data/M5NKC3WGTR5FV86NPW2W.m3u",
    "group-title": "Nz",
    "name": " Trackside 1",
    "tvg-id": "mjh-trackside-1",
    "tvg-logo": "https://i.mjh.nz/.images/trackside-1.png",
    "tvg-name": " Trackside 1",
    "tvg-chno": "23",
    "url": "https://i.mjh.nz/.r/trackside-1.m3u8",
    "_uuid.key": "tvg-name",
    "_values": "mjh-trackside-1 23 Nz  Trackside 1",
    "x-active": true,
    "x-category": "",
    "x-channelID": "23",
    "x-epg": "x-ID.28",
    "x-group-title": "Nz",
    "x-mapping": "mjh-trackside-1",
    "x-xmltv-file": "XZB03XV5D6KB0UOSLMS3.xml",
    "x-ppv-extra": "",
    "x-backup-channel-1": "",
    "x-backup-channel-2": "",
    "x-backup-channel-3": "",
    "x-hide-channel": false,
    "x-name": " Trackside 1",
    "x-update-channel-icon": false,
    "x-update-channel-name": false,
    "x-description": "",
    "live": false,
    "is_backup_channel": false,
    "backup_channel_1": null,
    "backup_channel_2": null,
    "backup_channel_3": null,
    "channelUniqueID": " Trackside 1M5NKC3WGTR5FV86NPW2W"
  },
  "x-ID.29": {
    "_file.m3u.id": "M5NKC3WGTR5FV86NPW2W",
    "_file.m3u.name": "NZTV",
    "_file.m3u.path": "/home/threadfin/conf/data/M5NKC3WGTR5FV86NPW2W.m3u",
    "group-title": "Nz",
    "name": " Trackside 2",
    "tvg-id": "mjh-trackside-2",
    "tvg-logo": "https://i.mjh.nz/.images/trackside-2.png",
    "tvg-name": " Trackside 2",
    "tvg-chno": "24",
    "url": "https://i.mjh.nz/.r/trackside-2.m3u8",
    "_uuid.key": "tvg-name",
    "_values": "mjh-trackside-2 24 Nz  Trackside 2",
    "x-active": true,
    "x-category": "",
    "x-channelID": "24",
    "x-epg": "x-ID.29",
    "x-group-title": "Nz",
    "x-mapping": "mjh-trackside-2",
    "x-xmltv-file": "XZB03XV5D6KB0UOSLMS3.xml",
    "x-ppv-extra": "",
    "x-backup-channel-1": "",
    "x-backup-channel-2": "",
    "x-backup-channel-3": "",
    "x-hide-channel": false,
    "x-name": " Trackside 2",
    "x-update-channel-icon": false,
    "x-update-channel-name": false,
    "x-description": "",
    "live": false,
    "is_backup_channel": false,
    "backup_channel_1": null,
    "backup_channel_2": null,
    "backup_channel_3": null,
    "channelUniqueID": " Trackside 2M5NKC3WGTR5FV86NPW2W"
  },
  "x-ID.3": {
    "_file.m3u.id": "M5NKC3WGTR5FV86NPW2W",
    "_file.m3u.name": "NZTV",
    "_file.m3u.path": "/home/threadfin/conf/data/M5NKC3WGTR5FV86NPW2W.m3u",
    "group-title": "Nz",
    "name": " CNN Headlines",
    "tvg-id": "mjh-discovery-ptcn",
    "tvg-logo": "https://cdn-prod.fullscreen.nz/v1/images/channel/linear/ptcn/logos/default.png",
    "tvg-name": " CNN Headlines",
    "tvg-chno": "1002",
    "url": "https://i.mjh.nz/.r/discovery-ptcn.m3u8",
    "_uuid.key": "tvg-name",
    "_values": "mjh-discovery-ptcn Nz  CNN Headlines",
    "x-active": true,
    "x-category": "",
    "x-channelID": "1002",
    "x-epg": "x-ID.3",
    "x-group-title": "Nz",
    "x-mapping": "mjh-discovery-ptcn",
    "x-xmltv-file": "XZB03XV5D6KB0UOSLMS3.xml",
    "x-ppv-extra": "",
    "x-backup-channel-1": "",
    "x-backup-channel-2": "",
    "x-backup-channel-3": "",
    "x-hide-channel": false,
    "x-name": " CNN Headlines",
    "x-update-channel-icon": false,
    "x-update-channel-name": false,
    "x-description": "",
    "live": false,
    "is_backup_channel": false,
    "backup_channel_1": null,
    "backup_channel_2": null,
    "backup_channel_3": null,
    "channelUniqueID": " CNN HeadlinesM5NKC3WGTR5FV86NPW2W"
  },
  "x-ID.30": {
    "_file.m3u.id": "M5NKC3WGTR5FV86NPW2W",
    "_file.m3u.name": "NZTV",
    "_file.m3u.path": "/home/threadfin/conf/data/M5NKC3WGTR5FV86NPW2W.m3u",
    "group-title": "Nz",
    "name": " Shine TV",
    "tvg-id": "mjh-shine-tv",
    "tvg-logo": "https://i.mjh.nz/.images/shine-tv.png",
    "tvg-name": " Shine TV",
    "tvg-chno": "25",
    "url": "https://i.mjh.nz/.r/shine-tv.m3u8",
    "_uuid.key": "tvg-name",
    "_values": "mjh-shine-tv 25 Nz  Shine TV",
    "x-active": true,
    "x-category": "",
    "x-channelID": "25",
    "x-epg": "x-ID.30",
    "x-group-title": "Nz",
    "x-mapping": "mjh-shine-tv",
    "x-xmltv-file": "XZB03XV5D6KB0UOSLMS3.xml",
    "x-ppv-extra": "",
    "x-backup-channel-1": "",
    "x-backup-channel-2": "",
    "x-backup-channel-3": "",
    "x-hide-channel": false,
    "x-name": " Shine TV",
    "x-update-channel-icon": false,
    "x-update-channel-name": false,
    "x-description": "",
    "live": false,
    "is_backup_channel": false,
    "backup_channel_1": null,
    "backup_channel_2": null,
    "backup_channel_3": null,
    "channelUniqueID": " Shine TVM5NKC3WGTR5FV86NPW2W"
  },
  "x-ID.31": {
    "_file.m3u.id": "M5NKC3WGTR5FV86NPW2W",
    "_file.m3u.name": "NZTV",
    "_file.m3u.path": "/home/threadfin/conf/data/M5NKC3WGTR5FV86NPW2W.m3u",
    "group-title": "Nz",
    "name": " Firstlight",
    "tvg-id": "mjh-firstlight",
    "tvg-logo": "https://i.mjh.nz/.images/firstlight.png",
    "tvg-name": " Firstlight",
    "tvg-chno": "26",
    "url": "https://i.mjh.nz/.r/firstlight.m3u8",
    "_uuid.key": "tvg-name",
    "_values": "mjh-firstlight 26 Nz  Firstlight",
    "x-active": true,
    "x-category": "",
    "x-channelID": "26",
    "x-epg": "x-ID.31",
    "x-group-title": "Nz",
    "x-mapping": "mjh-firstlight",
    "x-xmltv-file": "XZB03XV5D6KB0UOSLMS3.xml",
    "x-ppv-extra": "",
    "x-backup-channel-1": "",
    "x-backup-channel-2": "",
    "x-backup-channel-3": "",
    "x-hide-channel": false,
    "x-name": " Firstlight",
    "x-update-channel-icon": false,
    "x-update-channel-name": false,
    "x-description": "",
    "live": false,
    "is_backup_channel": false,
    "backup_channel_1": null,
    "backup_channel_2": null,
    "backup_channel_3": null,
    "channelUniqueID": " FirstlightM5NKC3WGTR5FV86NPW2W"
  },
  "x-ID.32": {
    "_file.m3u.id": "M5NKC3WGTR5FV86NPW2W",
    "_file.m3u.name": "NZTV",
    "_file.m3u.path": "/home/threadfin/conf/data/M5NKC3WGTR5FV86NPW2W.m3u",
    "group-title": "Nz",
    "name": " Hope Channel",
    "tvg-id": "mjh-hope-channel",
    "tvg-logo": "https://i.mjh.nz/.images/hope-channel.png",
    "tvg-name": " Hope Channel",
    "tvg-chno": "27",
    "url": "https://i.mjh.nz/.r/hope-channel.m3u8",
    "_uuid.key": "tvg-name",
    "_values": "mjh-hope-channel 27 Nz  Hope Channel",
    "x-active": true,
    "x-category": "",
    "x-channelID": "27",
    "x-epg": "x-ID.32",
    "x-group-title": "Nz",
    "x-mapping": "mjh-hope-channel",
    "x-xmltv-file": "XZB03XV5D6KB0UOSLMS3.xml",
    "x-ppv-extra": "",
    "x-backup-channel-1": "",
    "x-backup-channel-2": "",
    "x-backup-channel-3": "",
    "x-hide-channel": false,
    "x-name": " Hope Channel",
    "x-update-channel-icon": false,
    "x-update-channel-name": false,
    "x-description": "",
    "live": false,
    "is_backup_channel": false,
    "backup_channel_1": null,
    "backup_channel_2": null,
    "backup_channel_3": null,
    "channelUniqueID": " Hope ChannelM5NKC3WGTR5FV86NPW2W"
  },
  "x-ID.33": {
    "_file.m3u.id": "M5NKC3WGTR5FV86NPW2W",
    "_file.m3u.name": "NZTV",
    "_file.m3u.path": "/home/threadfin/conf/data/M5NKC3WGTR5FV86NPW2W.m3u",
    "group-title": "Nz",
    "name": " Chinese TV28",
    "tvg-id": "mjh-chinese-tv28",
    "tvg-logo": "https://i.mjh.nz/.images/chinese-tv28.png",
    "tvg-name": " Chinese TV28",
    "tvg-chno": "28",
    "url": "https://i.mjh.nz/.r/chinese-tv28.m3u8",
    "_uuid.key": "tvg-name",
    "_values": "mjh-chinese-tv28 28 Nz  Chinese TV28",
    "x-active": true,
    "x-category": "",
    "x-channelID": "28",
    "x-epg": "x-ID.33",
    "x-group-title": "Nz",
    "x-mapping": "mjh-chinese-tv28",
    "x-xmltv-file": "XZB03XV5D6KB0UOSLMS3.xml",
    "x-ppv-extra": "",
    "x-backup-channel-1": "",
    "x-backup-channel-2": "",
    "x-backup-channel-3": "",
    "x-hide-channel": false,
    "x-name": " Chinese TV28",
    "x-update-channel-icon": false,
    "x-update-channel-name": false,
    "x-description": "",
    "live": false,
    "is_backup_channel": false,
    "backup_channel_1": null,
    "backup_channel_2": null,
    "backup_channel_3": null,
    "channelUniqueID": " Chinese TV28M5NKC3WGTR5FV86NPW2W"
  },
  "x-ID.34": {
    "_file.m3u.id": "M5NKC3WGTR5FV86NPW2W",
    "_file.m3u.name": "NZTV",
    "_file.m3u.path": "/home/threadfin/conf/data/M5NKC3WGTR5FV86NPW2W.m3u",
    "group-title": "Nz",
    "name": " Chinese TV29",
    "tvg-id": "mjh-chinese-tv29",
    "tvg-logo": "https://i.mjh.nz/.images/chinese-tv29.png",
    "tvg-name": " Chinese TV29",
    "tvg-chno": "29",
    "url": "https://i.mjh.nz/.r/chinese-tv29.m3u8",
    "_uuid.key": "tvg-name",
    "_values": "mjh-chinese-tv29 29 Nz  Chinese TV29",
    "x-active": true,
    "x-category": "",
    "x-channelID": "29",
    "x-epg": "x-ID.34",
    "x-group-title": "Nz",
    "x-mapping": "mjh-chinese-tv29",
    "x-xmltv-file": "XZB03XV5D6KB0UOSLMS3.xml",
    "x-ppv-extra": "",
    "x-backup-channel-1": "",
    "x-backup-channel-2": "",
    "x-backup-channel-3": "",
    "x-hide-channel": false,
    "x-name": " Chinese TV29",
    "x-update-channel-icon": false,
    "x-update-channel-name": false,
    "x-description": "",
    "live": false,
    "is_backup_channel": false,
    "backup_channel_1": null,
    "backup_channel_2": null,
    "backup_channel_3": null,
    "channelUniqueID": " Chinese TV29M5NKC3WGTR5FV86NPW2W"
  },
  "x-ID.35": {
    "_file.m3u.id": "M5NKC3WGTR5FV86NPW2W",
    "_file.m3u.name": "NZTV",
    "_file.m3u.path": "/home/threadfin/conf/data/M5NKC3WGTR5FV86NPW2W.m3u",
    "group-title": "Nz",
    "name": " Parliament TV",
    "tvg-id": "mjh-parliament-tv",
    "tvg-logo": "https://i.mjh.nz/.images/parliament-tv.png",
    "tvg-name": " Parliament TV",
    "tvg-chno": "31",
    "url": "https://i.mjh.nz/.r/parliament-tv.m3u8",
    "_uuid.key": "tvg-name",
    "_values": "mjh-parliament-tv 31 Nz  Parliament TV",
    "x-active": true,
    "x-category": "",
    "x-channelID": "31",
    "x-epg": "x-ID.35",
    "x-group-title": "Nz",
    "x-mapping": "mjh-parliament-tv",
    "x-xmltv-file": "XZB03XV5D6KB0UOSLMS3.xml",
    "x-ppv-extra": "",
    "x-backup-channel-1": "",
    "x-backup-channel-2": "",
    "x-backup-channel-3": "",
    "x-hide-channel": false,
    "x-name": " Parliament TV",
    "x-update-channel-icon": false,
    "x-update-channel-name": false,
    "x-description": "",
    "live": false,
    "is_backup_channel": false,
    "backup_channel_1": null,
    "backup_channel_2": null,
    "backup_channel_3": null,
    "channelUniqueID": " Parliament TVM5NKC3WGTR5FV86NPW2W"
  },
  "x-ID.36": {
    "_file.m3u.id": "M5NKC3WGTR5FV86NPW2W",
    "_file.m3u.name": "NZTV",
    "_file.m3u.path": "/home/threadfin/conf/data/M5NKC3WGTR5FV86NPW2W.m3u",
    "group-title": "Nz",
    "name": " APNA Television",
    "tvg-id": "mjh-apna-television",
    "tvg-logo": "https://i.mjh.nz/.images/apna-television.png",
    "tvg-name": " APNA Television",
    "tvg-chno": "36",
    "url": "https://i.mjh.nz/.r/apna-television.m3u8",
    "_uuid.key": "tvg-name",
    "_values": "mjh-apna-television 36 Nz  APNA Television",
    "x-active": true,
    "x-category": "",
    "x-channelID": "36",
    "x-epg": "x-ID.36",
    "x-group-title": "Nz",
    "x-mapping": "mjh-apna-television",
    "x-xmltv-file": "XZB03XV5D6KB0UOSLMS3.xml",
    "x-ppv-extra": "",
    "x-backup-channel-1": "",
    "x-backup-channel-2": "",
    "x-backup-channel-3": "",
    "x-hide-channel": false,
    "x-name": " APNA Television",
    "x-update-channel-icon": false,
    "x-update-channel-name": false,
    "x-description": "",
    "live": false,
    "is_backup_channel": false,
    "backup_channel_1": null,
    "backup_channel_2": null,
    "backup_channel_3": null,
    "channelUniqueID": " APNA TelevisionM5NKC3WGTR5FV86NPW2W"
  },
  "x-ID.37": {
    "_file.m3u.id": "M5NKC3WGTR5FV86NPW2W",
    "_file.m3u.name": "NZTV",
    "_file.m3u.path": "/home/threadfin/conf/data/M5NKC3WGTR5FV86NPW2W.m3u",
    "group-title": "Nz",
    "name": " Panda TV",
    "tvg-id": "mjh-panda-tv",
    "tvg-logo": "https://i.mjh.nz/.images/panda-tv.png",
    "tvg-name": " Panda TV",
    "tvg-chno": "37",
    "url": "https://i.mjh.nz/.r/panda-tv.m3u8",
    "_uuid.key": "tvg-name",
    "_values": "mjh-panda-tv 37 Nz  Panda TV",
    "x-active": true,
    "x-category": "",
    "x-channelID": "37",
    "x-epg": "x-ID.37",
    "x-group-title": "Nz",
    "x-mapping": "mjh-panda-tv",
    "x-xmltv-file": "XZB03XV5D6KB0UOSLMS3.xml",
    "x-ppv-extra": "",
    "x-backup-channel-1": "",
    "x-backup-channel-2": "",
    "x-backup-channel-3": "",
    "x-hide-channel": false,
    "x-name": " Panda TV",
    "x-update-channel-icon": false,
    "x-update-channel-name": false,
    "x-description": "",
    "live": false,
    "is_backup_channel": false,
    "backup_channel_1": null,
    "backup_channel_2": null,
    "backup_channel_3": null,
    "channelUniqueID": " Panda TVM5NKC3WGTR5FV86NPW2W"
  },
  "x-ID.38": {
    "_file.m3u.id": "M5NKC3WGTR5FV86NPW2W",
    "_file.m3u.name": "NZTV",
    "_file.m3u.path": "/home/threadfin/conf/data/M5NKC3WGTR5FV86NPW2W.m3u",
    "group-title": "Nz",
    "name": " Wairarapa TV",
    "tvg-id": "mjh-wairarapa-tv",
    "tvg-logo": "https://i.mjh.nz/.images/wairarapa-tv.png",
    "tvg-name": " Wairarapa TV",
    "tvg-chno": "41",
    "url": "https://i.mjh.nz/.r/wairarapa-tv.m3u8",
    "_uuid.key": "tvg-name",
    "_values": "mjh-wairarapa-tv 41 Nz  Wairarapa TV",
    "x-active": true,
    "x-category": "",
    "x-channelID": "41",
    "x-epg": "x-ID.38",
    "x-group-title": "Nz",
    "x-mapping": "mjh-wairarapa-tv",
    "x-xmltv-file": "XZB03XV5D6KB0UOSLMS3.xml",
    "x-ppv-extra": "",
    "x-backup-channel-1": "",
    "x-backup-channel-2": "",
    "x-backup-channel-3": "",
    "x-hide-channel": false,
    "x-name": " Wairarapa TV",
    "x-update-channel-icon": false,
    "x-update-channel-name": false,
    "x-description": "",
    "live": false,
    "is_backup_channel": false,
    "backup_channel_1": null,
    "backup_channel_2": null,
    "backup_channel_3": null,
    "channelUniqueID": " Wairarapa TVM5NKC3WGTR5FV86NPW2W"
  },
  "x-ID.39": {
    "_file.m3u.id": "M5NKC3WGTR5FV86NPW2W",
    "_file.m3u.name": "NZTV",
    "_file.m3u.path": "/home/threadfin/conf/data/M5NKC3WGTR5FV86NPW2W.m3u",
    "group-title": "Nz",
    "name": " CH200",
    "tvg-id": "mjh-ch200",
    "tvg-logo": "https://i.mjh.nz/.images/ch200.png",
    "tvg-name": " CH200",
    "tvg-chno": "200",
    "url": "https://i.mjh.nz/.r/ch200.m3u8",
    "_uuid.key": "tvg-name",
    "_values": "mjh-ch200 200 Nz  CH200",
    "x-active": true,
    "x-category": "",
    "x-channelID": "200",
    "x-epg": "x-ID.39",
    "x-group-title": "Nz",
    "x-mapping": "mjh-ch200",
    "x-xmltv-file": "XZB03XV5D6KB0UOSLMS3.xml",
    "x-ppv-extra": "",
    "x-backup-channel-1": "",
    "x-backup-channel-2": "",
    "x-backup-channel-3": "",
    "x-hide-channel": false,
    "x-name": " CH200",
    "x-update-channel-icon": false,
    "x-update-channel-name": false,
    "x-description": "",
    "live": false,
    "is_backup_channel": false,
    "backup_channel_1": null,
    "backup_channel_2": null,
    "backup_channel_3": null,
    "channelUniqueID": " CH200M5NKC3WGTR5FV86NPW2W"
  },
  "x-ID.4": {
    "_file.m3u.id": "M5NKC3WGTR5FV86NPW2W",
    "_file.m3u.name": "NZTV",
    "_file.m3u.path": "/home/threadfin/conf/data/M5NKC3WGTR5FV86NPW2W.m3u",
    "group-title": "Nz",
    "name": " MovieSphere",
    "tvg-id": "mjh-discovery-ptms",
    "tvg-logo": "https://cdn.fullscreen.nz/v1/images/channel/linear/ptms/logos/default.png",
    "tvg-name": " MovieSphere",
    "tvg-chno": "1003",
    "url": "https://i.mjh.nz/.r/discovery-ptms.m3u8",
    "_uuid.key": "tvg-name",
    "_values": "mjh-discovery-ptms Nz  MovieSphere",
    "x-active": true,
    "x-category": "",
    "x-channelID": "1003",
    "x-epg": "x-ID.4",
    "x-group-title": "Nz",
    "x-mapping": "mjh-discovery-ptms",
    "x-xmltv-file": "XZB03XV5D6KB0UOSLMS3.xml",
    "x-ppv-extra": "",
    "x-backup-channel-1": "",
    "x-backup-channel-2": "",
    "x-backup-channel-3": "",
    "x-hide-channel": false,
    "x-name": " MovieSphere",
    "x-update-channel-icon": false,
    "x-update-channel-name": false,
    "x-description": "",
    "live": false,
    "is_backup_channel": false,
    "backup_channel_1": null,
    "backup_channel_2": null,
    "backup_channel_3": null,
    "channelUniqueID": " MovieSphereM5NKC3WGTR5FV86NPW2W"
  },
  "x-ID.40": {
    "_file.m3u.id": "M5NKC3WGTR5FV86NPW2W",
    "_file.m3u.name": "NZTV",
    "_file.m3u.path": "/home/threadfin/conf/data/M5NKC3WGTR5FV86NPW2W.m3u",
    "group-title": "Nz",
    "name": " Trackside Premier",
    "tvg-id": "mjh-trackside-premier",
    "tvg-logo": "https://i.mjh.nz/.images/trackside-premier.png",
    "tvg-name": " Trackside Premier",
    "tvg-chno": "1012",
    "url": "https://i.mjh.nz/.r/trackside-premier.m3u8",
    "_uuid.key": "tvg-name",
    "_values": "mjh-trackside-premier Nz  Trackside Premier",
    "x-active": true,
    "x-category": "",
    "x-channelID": "1012",
    "x-epg": "x-ID.40",
    "x-group-title": "Nz",
    "x-mapping": "mjh-trackside-premier",
    "x-xmltv-file": "XZB03XV5D6KB0UOSLMS3.xml",
    "x-ppv-extra": "",
    "x-backup-channel-1": "",
    "x-backup-channel-2": "",
    "x-backup-channel-3": "",
    "x-hide-channel": false,
    "x-name": " Trackside Premier",
    "x-update-channel-icon": false,
    "x-update-channel-name": false,
    "x-description": "",
    "live": false,
    "is_backup_channel": false,
    "backup_channel_1": null,
    "backup_channel_2": null,
    "backup_channel_3": null,
    "channelUniqueID": " Trackside PremierM5NKC3WGTR5FV86NPW2W"
  },
  "x-ID.41": {
    "_file.m3u.id": "M5NKC3WGTR5FV86NPW2W",
    "_file.m3u.name": "NZTV",
    "_file.m3u.path": "/home/threadfin/conf/data/M5NKC3WGTR5FV86NPW2W.m3u",
    "group-title": "Nz",
    "name": " JuiceTV",
    "tvg-id": "mjh-juice-tv",
    "tvg-logo": "https://i.mjh.nz/.images/juice-tv.png",
    "tvg-name": " JuiceTV",
    "tvg-chno": "1013",
    "url": "https://i.mjh.nz/.r/juice-tv.m3u8",
    "_uuid.key": "tvg-name",
    "_values": "mjh-juice-tv Nz  JuiceTV",
    "x-active": true,
    "x-category": "",
    "x-channelID": "1013",
    "x-epg": "x-ID.41",
    "x-group-title": "Nz",
    "x-mapping": "mjh-juice-tv",
    "x-xmltv-file": "XZB03XV5D6KB0UOSLMS3.xml",
    "x-ppv-extra": "",
    "x-backup-channel-1": "",
    "x-backup-channel-2": "",
    "x-backup-channel-3": "",
    "x-hide-channel": false,
    "x-name": " JuiceTV",
    "x-update-channel-icon": false,
    "x-update-channel-name": false,
    "x-description": "",
    "live": false,
    "is_backup_channel": false,
    "backup_channel_1": null,
    "backup_channel_2": null,
    "backup_channel_3": null,
    "channelUniqueID": " JuiceTVM5NKC3WGTR5FV86NPW2W"
  },
  "x-ID.42": {
    "_file.m3u.id": "M5NKC3WGTR5FV86NPW2W",
    "_file.m3u.name": "NZTV",
    "_file.m3u.path": "/home/threadfin/conf/data/M5NKC3WGTR5FV86NPW2W.m3u",
    "group-title": "Nz",
    "name": " JuiceX",
    "tvg-id": "mjh-juice-x",
    "tvg-logo": "https://i.mjh.nz/.images/juice-x.png",
    "tvg-name": " JuiceX",
    "tvg-chno": "1014",
    "url": "https://i.mjh.nz/.r/juice-x.m3u8",
    "_uuid.key": "tvg-name",
    "_values": "mjh-juice-x Nz  JuiceX",
    "x-active": true,
    "x-category": "",
    "x-channelID": "1014",
    "x-epg": "x-ID.42",
    "x-group-title": "Nz",
    "x-mapping": "mjh-juice-x",
    "x-xmltv-file": "XZB03XV5D6KB0UOSLMS3.xml",
    "x-ppv-extra": "",
    "x-backup-channel-1": "",
    "x-backup-channel-2": "",
    "x-backup-channel-3": "",
    "x-hide-channel": false,
    "x-name": " JuiceX",
    "x-update-channel-icon": false,
    "x-update-channel-name": false,
    "x-description": "",
    "live": false,
    "is_backup_channel": false,
    "backup_channel_1": null,
    "backup_channel_2": null,
    "backup_channel_3": null,
    "channelUniqueID": " JuiceXM5NKC3WGTR5FV86NPW2W"
  },
  "x-ID.43": {
    "_file.m3u.id": "M5NKC3WGTR5FV86NPW2W",
    "_file.m3u.name": "NZTV",
    "_file.m3u.path": "/home/threadfin/conf/data/M5NKC3WGTR5FV86NPW2W.m3u",
    "group-title": "Nz",
    "name": " TVSN Shopping",
    "tvg-id": "mjh-tvsn-shopping",
    "tvg-logo": "https://i.mjh.nz/.images/tvsn-shopping.png",
    "tvg-name": " TVSN Shopping",
    "tvg-chno": "1015",
    "url": "https://i.mjh.nz/.r/tvsn-shopping.m3u8",
    "_uuid.key": "tvg-name",
    "_values": "mjh-tvsn-shopping Nz  TVSN Shopping",
    "x-active": true,
    "x-category": "",
    "x-channelID": "1015",
    "x-epg": "x-ID.43",
    "x-group-title": "Nz",
    "x-mapping": "mjh-tvsn-shopping",
    "x-xmltv-file": "XZB03XV5D6KB0UOSLMS3.xml",
    "x-ppv-extra": "",
    "x-backup-channel-1": "",
    "x-backup-channel-2": "",
    "x-backup-channel-3": "",
    "x-hide-channel": false,
    "x-name": " TVSN Shopping",
    "x-update-channel-icon": false,
    "x-update-channel-name": false,
    "x-description": "",
    "live": false,
    "is_backup_channel": false,
    "backup_channel_1": null,
    "backup_channel_2": null,
    "backup_channel_3": null,
    "channelUniqueID": " TVSN ShoppingM5NKC3WGTR5FV86NPW2W"
  },
  "x-ID.5": {
    "_file.m3u.id": "M5NKC3WGTR5FV86NPW2W",
    "_file.m3u.name": "NZTV",
    "_file.m3u.path": "/home/threadfin/conf/data/M5NKC3WGTR5FV86NPW2W.m3u",
    "group-title": "Nz",
    "name": " Below Deck Vault",
    "tvg-id": "mjh-discovery-fast3",
    "tvg-logo": "https://cdn.fullscreen.nz/v1/images/channel/linear/fast3/logos/default.png",
    "tvg-name": " Below Deck Vault",
    "tvg-chno": "1004",
    "url": "https://i.mjh.nz/.r/discovery-fast3.m3u8",
    "_uuid.key": "tvg-name",
    "_values": "mjh-discovery-fast3 Nz  Below Deck Vault",
    "x-active": true,
    "x-category": "",
    "x-channelID": "1004",
    "x-epg": "x-ID.5",
    "x-group-title": "Nz",
    "x-mapping": "mjh-discovery-fast3",
    "x-xmltv-file": "XZB03XV5D6KB0UOSLMS3.xml",
    "x-ppv-extra": "",
    "x-backup-channel-1": "",
    "x-backup-channel-2": "",
    "x-backup-channel-3": "",
    "x-hide-channel": false,
    "x-name": " Below Deck Vault",
    "x-update-channel-icon": false,
    "x-update-channel-name": false,
    "x-description": "",
    "live": false,
    "is_backup_channel": false,
    "backup_channel_1": null,
    "backup_channel_2": null,
    "backup_channel_3": null,
    "channelUniqueID": " Below Deck VaultM5NKC3WGTR5FV86NPW2W"
  },
  "x-ID.6": {
    "_file.m3u.id": "M5NKC3WGTR5FV86NPW2W",
    "_file.m3u.name": "NZTV",
    "_file.m3u.path": "/home/threadfin/conf/data/M5NKC3WGTR5FV86NPW2W.m3u",
    "group-title": "Nz",
    "name": " The Graham Norton Show",
    "tvg-id": "mjh-discovery-ptgn",
    "tvg-logo": "https://cdn.fullscreen.nz/v1/images/channel/linear/ptgn/logos/default.png",
    "tvg-name": " The Graham Norton Show",
    "tvg-chno": "1005",
    "url": "https://i.mjh.nz/.r/discovery-ptgn.m3u8",
    "_uuid.key": "tvg-name",
    "_values": "mjh-discovery-ptgn Nz  The Graham Norton Show",
    "x-active": true,
    "x-category": "",
    "x-channelID": "1005",
    "x-epg": "x-ID.6",
    "x-group-title": "Nz",
    "x-mapping": "mjh-discovery-ptgn",
    "x-xmltv-file": "XZB03XV5D6KB0UOSLMS3.xml",
    "x-ppv-extra": "",
    "x-backup-channel-1": "",
    "x-backup-channel-2": "",
    "x-backup-channel-3": "",
    "x-hide-channel": false,
    "x-name": " The Graham Norton Show",
    "x-update-channel-icon": false,
    "x-update-channel-name": false,
    "x-description": "",
    "live": false,
    "is_backup_channel": false,
    "backup_channel_1": null,
    "backup_channel_2": null,
    "backup_channel_3": null,
    "channelUniqueID": " The Graham Norton ShowM5NKC3WGTR5FV86NPW2W"
  },
  "x-ID.7": {
    "_file.m3u.id": "M5NKC3WGTR5FV86NPW2W",
    "_file.m3u.name": "NZTV",
    "_file.m3u.path": "/home/threadfin/conf/data/M5NKC3WGTR5FV86NPW2W.m3u",
    "group-title": "Nz",
    "name": " Warner Bros TV True Crime",
    "tvg-id": "mjh-discovery-fast4",
    "tvg-logo": "https://cdn.fullscreen.nz/v1/images/channel/linear/fast4/logos/default.png",
    "tvg-name": " Warner Bros TV True Crime",
    "tvg-chno": "1006",
    "url": "https://i.mjh.nz/.r/discovery-fast4.m3u8",
    "_uuid.key": "tvg-name",
    "_values": "mjh-discovery-fast4 Nz  Warner Bros TV True Crime",
    "x-active": true,
    "x-category": "",
    "x-channelID": "1006",
    "x-epg": "x-ID.7",
    "x-group-title": "Nz",
    "x-mapping": "mjh-discovery-fast4",
    "x-xmltv-file": "XZB03XV5D6KB0UOSLMS3.xml",
    "x-ppv-extra": "",
    "x-backup-channel-1": "",
    "x-backup-channel-2": "",
    "x-backup-channel-3": "",
    "x-hide-channel": false,
    "x-name": " Warner Bros TV True Crime",
    "x-update-channel-icon": false,
    "x-update-channel-name": false,
    "x-description": "",
    "live": false,
    "is_backup_channel": false,
    "backup_channel_1": null,
    "backup_channel_2": null,
    "backup_channel_3": null,
    "channelUniqueID": " Warner Bros TV True CrimeM5NKC3WGTR5FV86NPW2W"
  },
  "x-ID.8": {
    "_file.m3u.id": "M5NKC3WGTR5FV86NPW2W",
    "_file.m3u.name": "NZTV",
    "_file.m3u.path": "/home/threadfin/conf/data/M5NKC3WGTR5FV86NPW2W.m3u",
    "group-title": "Nz",
    "name": " Warner Bros TV Paranormal",
    "tvg-id": "mjh-discovery-fast5",
    "tvg-logo": "https://cdn.fullscreen.nz/v1/images/channel/linear/fast5/logos/default.png",
    "tvg-name": " Warner Bros TV Paranormal",
    "tvg-chno": "1007",
    "url": "https://i.mjh.nz/.r/discovery-fast5.m3u8",
    "_uuid.key": "tvg-name",
    "_values": "mjh-discovery-fast5 Nz  Warner Bros TV Paranormal",
    "x-active": true,
    "x-category": "",
    "x-channelID": "1007",
    "x-epg": "x-ID.8",
    "x-group-title": "Nz",
    "x-mapping": "mjh-discovery-fast5",
    "x-xmltv-file": "XZB03XV5D6KB0UOSLMS3.xml",
    "x-ppv-extra": "",
    "x-backup-channel-1": "",
    "x-backup-channel-2": "",
    "x-backup-channel-3": "",
    "x-hide-channel": false,
    "x-name": " Warner Bros TV Paranormal",
    "x-update-channel-icon": false,
    "x-update-channel-name": false,
    "x-description": "",
    "live": false,
    "is_backup_channel": false,
    "backup_channel_1": null,
    "backup_channel_2": null,
    "backup_channel_3": null,
    "channelUniqueID": " Warner Bros TV ParanormalM5NKC3WGTR5FV86NPW2W"
  },
  "x-ID.9": {
    "_file.m3u.id": "M5NKC3WGTR5FV86NPW2W",
    "_file.m3u.name": "NZTV",
    "_file.m3u.path": "/home/threadfin/conf/data/M5NKC3WGTR5FV86NPW2W.m3u",
    "group-title": "Nz",
    "name": " Warner Bros TV Motorheads",
    "tvg-id": "mjh-discovery-fast1",
    "tvg-logo": "https://cdn.fullscreen.nz/v1/images/channel/linear/fast1/logos/default.png",
    "tvg-name": " Warner Bros TV Motorheads",
    "tvg-chno": "1008",
    "url": "https://i.mjh.nz/.r/discovery-fast1.m3u8",
    "_uuid.key": "tvg-name",
    "_values": "mjh-discovery-fast1 Nz  Warner Bros TV Motorheads",
    "x-active": true,
    "x-category": "",
    "x-channelID": "1008",
    "x-epg": "x-ID.9",
    "x-group-title": "Nz",
    "x-mapping": "mjh-discovery-fast1",
    "x-xmltv-file": "XZB03XV5D6KB0UOSLMS3.xml",
    "x-ppv-extra": "",
    "x-backup-channel-1": "",
    "x-backup-channel-2": "",
    "x-backup-channel-3": "",
    "x-hide-channel": false,
    "x-name": " Warner Bros TV Motorheads",
    "x-update-channel-icon": false,
    "x-update-channel-name": false,
    "x-description": "",
    "live": false,
    "is_backup_channel": false,
    "backup_channel_1": null,
    "backup_channel_2": null,
    "backup_channel_3": null,
    "channelUniqueID": " Warner Bros TV MotorheadsM5NKC3WGTR5FV86NPW2W"
  }
}